{"cameraMode":{"drawMode":0,"name":"Shaded","section":"Shading Mode"},"sceneLighting":true,"audioPlay":false,"sceneViewState":{"m_AlwaysRefresh":false,"showFog":true,"showSkybox":true,"showFlares":true,"showImageEffects":true,"showParticleSystems":true,"showVisualEffectGraphs":true,"m_FxEnabled":true},"in2DMode":false,"pivot":{"x":2.3979830741882326,"y":2.709367275238037,"z":1.8396821022033692},"rotation":{"x":-0.17168158292770387,"y":0.5590764284133911,"z":-0.11964301019906998,"w":-0.8023127913475037},"size":0.5045192837715149,"orthographic":false}